wid,woreda,doy,year,totprec
74,Kewet,358.0,2018.0,0.0
133,Jilie Timuga,358.0,2018.0,0.0
70,Efratana Gidim,358.0,2018.0,0.0
134,Artuma Fursi,358.0,2018.0,0.0
131,Dewa Chefa,358.0,2018.0,0.0
135,Dewa Harewa,358.0,2018.0,0.0
132,Bati,358.0,2018.0,0.0
138,Aregoba Sp. Wo.,358.0,2018.0,0.0
49,Kalu,358.0,2018.0,0.0
48,Worebabu,358.0,2018.0,0.0
121,Abargelie,358.0,2018.0,0.0
33,Raya Kobo,358.0,2018.0,0.0
39,Habru,358.0,2018.0,0.0
38,Guba Lafto,358.0,2018.0,0.0
34,Gidan,358.0,2018.0,0.0
40,Woldia Town,358.0,2018.0,0.0
46,Ambassel,358.0,2018.0,0.0
37,Delanta,358.0,2018.0,0.0
140,Kobo Town,358.0,2018.0,0.0
41,Lasta,358.0,2018.0,0.0
120,Gazgibla,358.0,2018.0,0.0
35,Mekit,358.0,2018.0,0.0
36,Wadla,358.0,2018.0,0.0
32,Bugna,358.0,2018.0,0.0
119,Dehena,358.0,2018.0,0.0
117,Zequala,358.0,2018.0,0.0
118,Seqota,358.0,2018.0,0.0
123,Sekota Town,358.0,2018.0,0.0
122,Sehela,358.0,2018.0,0.0
1,Beyeda,358.0,2018.0,0.0
2,Janamora,358.0,2018.0,0.0
16,Misrak Belesa,358.0,2018.0,0.0
21,Ebinat,358.0,2018.0,0.0
8,Wogera,358.0,2018.0,0.0
15,Mirab Belesa,358.0,2018.0,0.0
3,Debark,358.0,2018.0,0.0
4,Dabat,358.0,2018.0,0.0
19,Tach Armachiho,358.0,2018.0,0.0
6,Tegede,358.0,2018.0,0.0
7,Lay Armachiho,358.0,2018.0,0.0
17,Gondar Town,358.0,2018.0,0.0
9,Gondar Zuria,358.0,2018.0,0.0
22,Libokemkem,358.0,2018.0,0.0
10,Denbia,358.0,2018.0,0.0
23,Fogera,358.0,2018.0,0.0
24,Farta,358.0,2018.0,0.0
25,Lay Gayint,358.0,2018.0,0.0
26,Tach Gayint,358.0,2018.0,0.0
27,Simada,358.0,2018.0,0.0
43,Mekedela,358.0,2018.0,0.0
53,Sayint,358.0,2018.0,0.0
28,Estea,358.0,2018.0,0.0
31,Andabiet,358.0,2018.0,0.0
30,Debre Tabor Town,358.0,2018.0,0.0
29,Dera,358.0,2018.0,0.0
104,Bahir Dar Zuria,358.0,2018.0,0.00581402746028226
137,Bahir Dar Town,358.0,2018.0,0.0
105,Yilmana Densa,358.0,2018.0,0.9491618524906913
87,Hulet Iju Enesie,358.0,2018.0,0.007407379047855734
114,Gonji Kolela,358.0,2018.0,0.0
109,Dega Damot,358.0,2018.0,0.9962934277006574
106,Mecha,358.0,2018.0,0.5436421328780926
108,Quarit,358.0,2018.0,0.8868771939934322
107,Sekela,358.0,2018.0,1.7431494302308612
111,Jabi Tehnan,358.0,2018.0,0.08279977181670395
86,Bibugn,358.0,2018.0,0.10657689320151867
90,Enarji Enawuga,358.0,2018.0,0.0
88,Goncha Siso Enese,358.0,2018.0,0.0
89,Enebse Sar Mider,358.0,2018.0,0.0
61,Mehal Sayint,358.0,2018.0,0.0
54,Borena,358.0,2018.0,0.0
58,Wogedi,358.0,2018.0,0.0
52,Legambo,358.0,2018.0,0.0
55,Kelela,358.0,2018.0,0.0
62,Legehida,358.0,2018.0,0.0
56,Jamma,358.0,2018.0,0.0
44,Tenta,358.0,2018.0,0.0
51,Dessie Zuria,358.0,2018.0,0.0
42,Dawunt,358.0,2018.0,0.0
45,Kuta Ber,358.0,2018.0,0.0
60,Dessie Town,358.0,2018.0,0.0
47,Tehulederie,358.0,2018.0,0.0
59,Kombolcha Town,358.0,2018.0,0.0
50,Alebuko,358.0,2018.0,0.0
57,Wore Illu,358.0,2018.0,0.0
68,Gishe Rabel,358.0,2018.0,0.0
67,Menz Gera Mider,358.0,2018.0,0.0
69,Antsokiya Gemza,358.0,2018.0,0.0
136,Kemisie Town,358.0,2018.0,0.0
71,Menz Mama Mider,358.0,2018.0,0.0
84,Menz Lalo Mider,358.0,2018.0,0.0
139,Shewa Robit,358.0,2018.0,0.0
72,Tarma Ber,358.0,2018.0,0.0
73,Mojana Wodera,358.0,2018.0,0.0
83,Menz Qeya Gebreal,358.0,2018.0,0.0
63,Mida Woremo,358.0,2018.0,0.0
64,Merehabete,358.0,2018.0,0.0
66,Moretina Jiru,358.0,2018.0,0.0
81,Basona Worena,358.0,2018.0,0.0
85,Seya Deberna Wayu,358.0,2018.0,0.0
65,Ensarona Wayo,358.0,2018.0,0.0
75,Angolelana Tera,358.0,2018.0,0.0
76,Asagirt,358.0,2018.0,0.0
77,Ankober,358.0,2018.0,0.0
82,Debre Birehan Town,358.0,2018.0,0.0
79,Berehet,358.0,2018.0,0.0
80,Minjarina Shenkora,358.0,2018.0,0.0
78,Hagere Mariam Kesem,358.0,2018.0,0.0
96,Baso Liben,358.0,2018.0,0.0
93,Debre Elias,358.0,2018.0,0.0
95,Gozamin,358.0,2018.0,0.0
102,Aneded,358.0,2018.0,0.0
97,Awabel,358.0,2018.0,0.0
99,Shebel Berenta,358.0,2018.0,0.0
98,Dejen,358.0,2018.0,0.0
92,Debaytelatgen,358.0,2018.0,0.0
91,Enemay,358.0,2018.0,0.0
101,Sinan,358.0,2018.0,0.0
110,Dembecha,358.0,2018.0,0.021077410720036757
94,Machakel,358.0,2018.0,0.0
100,Debre Markos Town,358.0,2018.0,0.0
116,Finoteselam Town,358.0,2018.0,0.0
112,Burie Zuria,358.0,2018.0,0.0
130,Guagusa Shekudad,358.0,2018.0,1.1129228644888514E-4
125,Banja,358.0,2018.0,0.3787743309145719
126,Ankesha,358.0,2018.0,0.0239347458563115
113,Womberma,358.0,2018.0,0.0
127,Guangua,358.0,2018.0,0.05934364970498183
13,Quara,358.0,2018.0,0.0
129,Jawi,358.0,2018.0,0.04302910051048547
115,South Achefer,358.0,2018.0,1.907090899321646
124,Dangila,358.0,2018.0,1.2239376349502633
128,Fagita Lekoma,358.0,2018.0,0.7142178226334586
103,North Achefer,358.0,2018.0,0.7364532872930292
14,Alefa,358.0,2018.0,8.881806983539395E-5
20,Takusa,358.0,2018.0,0.0
12,Metema,358.0,2018.0,0.0
11,Chilga,358.0,2018.0,0.0
5,Mirab Armachiho,358.0,2018.0,0.0
0,Adarkay,358.0,2018.0,0.0
18,Telemt,358.0,2018.0,0.0
74,Kewet,359.0,2018.0,0.0
133,Jilie Timuga,359.0,2018.0,0.0
70,Efratana Gidim,359.0,2018.0,0.0
134,Artuma Fursi,359.0,2018.0,0.0
131,Dewa Chefa,359.0,2018.0,0.0
135,Dewa Harewa,359.0,2018.0,0.0
132,Bati,359.0,2018.0,0.0
138,Aregoba Sp. Wo.,359.0,2018.0,0.0
49,Kalu,359.0,2018.0,0.0
48,Worebabu,359.0,2018.0,0.0
121,Abargelie,359.0,2018.0,0.0
33,Raya Kobo,359.0,2018.0,0.0
39,Habru,359.0,2018.0,0.0
38,Guba Lafto,359.0,2018.0,0.0
34,Gidan,359.0,2018.0,0.0
40,Woldia Town,359.0,2018.0,0.0
46,Ambassel,359.0,2018.0,0.0
37,Delanta,359.0,2018.0,0.0
140,Kobo Town,359.0,2018.0,0.0
41,Lasta,359.0,2018.0,0.0
120,Gazgibla,359.0,2018.0,0.0
35,Mekit,359.0,2018.0,0.0
36,Wadla,359.0,2018.0,0.0
32,Bugna,359.0,2018.0,0.0
119,Dehena,359.0,2018.0,0.0
117,Zequala,359.0,2018.0,0.0
118,Seqota,359.0,2018.0,0.0
123,Sekota Town,359.0,2018.0,0.0
122,Sehela,359.0,2018.0,0.0
1,Beyeda,359.0,2018.0,0.0
2,Janamora,359.0,2018.0,0.0
16,Misrak Belesa,359.0,2018.0,0.0
21,Ebinat,359.0,2018.0,0.0
8,Wogera,359.0,2018.0,0.0
15,Mirab Belesa,359.0,2018.0,0.0
3,Debark,359.0,2018.0,0.0
4,Dabat,359.0,2018.0,0.0
19,Tach Armachiho,359.0,2018.0,0.0
6,Tegede,359.0,2018.0,0.0
7,Lay Armachiho,359.0,2018.0,0.0
17,Gondar Town,359.0,2018.0,0.0
9,Gondar Zuria,359.0,2018.0,0.0
22,Libokemkem,359.0,2018.0,0.0
10,Denbia,359.0,2018.0,0.0
23,Fogera,359.0,2018.0,0.0
24,Farta,359.0,2018.0,0.0
25,Lay Gayint,359.0,2018.0,0.0
26,Tach Gayint,359.0,2018.0,0.0
27,Simada,359.0,2018.0,0.0
43,Mekedela,359.0,2018.0,0.0
53,Sayint,359.0,2018.0,0.0
28,Estea,359.0,2018.0,0.0
31,Andabiet,359.0,2018.0,0.0
30,Debre Tabor Town,359.0,2018.0,0.0
29,Dera,359.0,2018.0,0.0
104,Bahir Dar Zuria,359.0,2018.0,0.0
137,Bahir Dar Town,359.0,2018.0,0.0
105,Yilmana Densa,359.0,2018.0,0.0
87,Hulet Iju Enesie,359.0,2018.0,0.0
114,Gonji Kolela,359.0,2018.0,0.0
109,Dega Damot,359.0,2018.0,0.02757493780963183
106,Mecha,359.0,2018.0,0.0
108,Quarit,359.0,2018.0,0.0
107,Sekela,359.0,2018.0,0.0
111,Jabi Tehnan,359.0,2018.0,0.0
86,Bibugn,359.0,2018.0,0.001699673312479914
90,Enarji Enawuga,359.0,2018.0,0.0
88,Goncha Siso Enese,359.0,2018.0,0.0
89,Enebse Sar Mider,359.0,2018.0,0.0
61,Mehal Sayint,359.0,2018.0,0.0
54,Borena,359.0,2018.0,0.0
58,Wogedi,359.0,2018.0,0.0
52,Legambo,359.0,2018.0,0.0
55,Kelela,359.0,2018.0,0.0
62,Legehida,359.0,2018.0,0.0
56,Jamma,359.0,2018.0,0.0
44,Tenta,359.0,2018.0,0.0
51,Dessie Zuria,359.0,2018.0,0.0
42,Dawunt,359.0,2018.0,0.0
45,Kuta Ber,359.0,2018.0,0.0
60,Dessie Town,359.0,2018.0,0.0
47,Tehulederie,359.0,2018.0,0.0
59,Kombolcha Town,359.0,2018.0,0.0
50,Alebuko,359.0,2018.0,0.0
57,Wore Illu,359.0,2018.0,0.0
68,Gishe Rabel,359.0,2018.0,0.0
67,Menz Gera Mider,359.0,2018.0,0.0
69,Antsokiya Gemza,359.0,2018.0,0.0
136,Kemisie Town,359.0,2018.0,0.0
71,Menz Mama Mider,359.0,2018.0,0.0
84,Menz Lalo Mider,359.0,2018.0,0.0
139,Shewa Robit,359.0,2018.0,0.0
72,Tarma Ber,359.0,2018.0,0.0
73,Mojana Wodera,359.0,2018.0,0.0
83,Menz Qeya Gebreal,359.0,2018.0,0.0
63,Mida Woremo,359.0,2018.0,0.0
64,Merehabete,359.0,2018.0,0.0
66,Moretina Jiru,359.0,2018.0,0.0
81,Basona Worena,359.0,2018.0,0.0
85,Seya Deberna Wayu,359.0,2018.0,0.0
65,Ensarona Wayo,359.0,2018.0,0.0
75,Angolelana Tera,359.0,2018.0,0.0
76,Asagirt,359.0,2018.0,0.0
77,Ankober,359.0,2018.0,0.0
82,Debre Birehan Town,359.0,2018.0,0.0
79,Berehet,359.0,2018.0,0.0
80,Minjarina Shenkora,359.0,2018.0,0.0
78,Hagere Mariam Kesem,359.0,2018.0,0.0
96,Baso Liben,359.0,2018.0,0.0
93,Debre Elias,359.0,2018.0,0.0
95,Gozamin,359.0,2018.0,0.0
102,Aneded,359.0,2018.0,0.0
97,Awabel,359.0,2018.0,0.0
99,Shebel Berenta,359.0,2018.0,0.0
98,Dejen,359.0,2018.0,0.0
92,Debaytelatgen,359.0,2018.0,0.0
91,Enemay,359.0,2018.0,0.0
101,Sinan,359.0,2018.0,0.0
110,Dembecha,359.0,2018.0,9.46723168588825E-6
94,Machakel,359.0,2018.0,0.0
100,Debre Markos Town,359.0,2018.0,0.0
116,Finoteselam Town,359.0,2018.0,0.0
112,Burie Zuria,359.0,2018.0,0.0
130,Guagusa Shekudad,359.0,2018.0,0.0
125,Banja,359.0,2018.0,0.0
126,Ankesha,359.0,2018.0,0.0
113,Womberma,359.0,2018.0,0.0
127,Guangua,359.0,2018.0,0.0
13,Quara,359.0,2018.0,0.0
129,Jawi,359.0,2018.0,0.0
115,South Achefer,359.0,2018.0,0.0
124,Dangila,359.0,2018.0,0.0
128,Fagita Lekoma,359.0,2018.0,0.0
103,North Achefer,359.0,2018.0,0.0
14,Alefa,359.0,2018.0,0.0
20,Takusa,359.0,2018.0,0.0
12,Metema,359.0,2018.0,0.0
11,Chilga,359.0,2018.0,0.0
5,Mirab Armachiho,359.0,2018.0,0.0
0,Adarkay,359.0,2018.0,0.0
18,Telemt,359.0,2018.0,0.0
74,Kewet,360.0,2018.0,0.023645419331552057
133,Jilie Timuga,360.0,2018.0,0.0
70,Efratana Gidim,360.0,2018.0,0.0
134,Artuma Fursi,360.0,2018.0,0.0
131,Dewa Chefa,360.0,2018.0,0.0
135,Dewa Harewa,360.0,2018.0,0.0
132,Bati,360.0,2018.0,0.0
138,Aregoba Sp. Wo.,360.0,2018.0,0.0
49,Kalu,360.0,2018.0,0.0
48,Worebabu,360.0,2018.0,0.0
121,Abargelie,360.0,2018.0,0.0
33,Raya Kobo,360.0,2018.0,0.0
39,Habru,360.0,2018.0,0.0
38,Guba Lafto,360.0,2018.0,0.0
34,Gidan,360.0,2018.0,0.0
40,Woldia Town,360.0,2018.0,0.0
46,Ambassel,360.0,2018.0,0.0
37,Delanta,360.0,2018.0,0.0
140,Kobo Town,360.0,2018.0,0.0
41,Lasta,360.0,2018.0,0.0
120,Gazgibla,360.0,2018.0,0.0
35,Mekit,360.0,2018.0,0.0
36,Wadla,360.0,2018.0,0.0
32,Bugna,360.0,2018.0,0.0
119,Dehena,360.0,2018.0,0.0
117,Zequala,360.0,2018.0,0.0
118,Seqota,360.0,2018.0,0.0
123,Sekota Town,360.0,2018.0,0.0
122,Sehela,360.0,2018.0,0.0
1,Beyeda,360.0,2018.0,0.0
2,Janamora,360.0,2018.0,0.0
16,Misrak Belesa,360.0,2018.0,0.0
21,Ebinat,360.0,2018.0,0.0
8,Wogera,360.0,2018.0,0.0
15,Mirab Belesa,360.0,2018.0,0.0
3,Debark,360.0,2018.0,0.0
4,Dabat,360.0,2018.0,0.0
19,Tach Armachiho,360.0,2018.0,0.0
6,Tegede,360.0,2018.0,0.0
7,Lay Armachiho,360.0,2018.0,0.0
17,Gondar Town,360.0,2018.0,0.0
9,Gondar Zuria,360.0,2018.0,0.0
22,Libokemkem,360.0,2018.0,0.0
10,Denbia,360.0,2018.0,0.0
23,Fogera,360.0,2018.0,0.0
24,Farta,360.0,2018.0,0.0
25,Lay Gayint,360.0,2018.0,0.0
26,Tach Gayint,360.0,2018.0,0.0
27,Simada,360.0,2018.0,0.0
43,Mekedela,360.0,2018.0,0.0
53,Sayint,360.0,2018.0,0.0
28,Estea,360.0,2018.0,0.0
31,Andabiet,360.0,2018.0,0.0
30,Debre Tabor Town,360.0,2018.0,0.0
29,Dera,360.0,2018.0,0.0
104,Bahir Dar Zuria,360.0,2018.0,0.0
137,Bahir Dar Town,360.0,2018.0,0.0
105,Yilmana Densa,360.0,2018.0,0.0
87,Hulet Iju Enesie,360.0,2018.0,0.0
114,Gonji Kolela,360.0,2018.0,0.0
109,Dega Damot,360.0,2018.0,0.0
106,Mecha,360.0,2018.0,0.0
108,Quarit,360.0,2018.0,0.0
107,Sekela,360.0,2018.0,0.0
111,Jabi Tehnan,360.0,2018.0,0.0
86,Bibugn,360.0,2018.0,0.0
90,Enarji Enawuga,360.0,2018.0,0.0
88,Goncha Siso Enese,360.0,2018.0,0.0
89,Enebse Sar Mider,360.0,2018.0,0.0
61,Mehal Sayint,360.0,2018.0,0.0
54,Borena,360.0,2018.0,0.0
58,Wogedi,360.0,2018.0,0.0
52,Legambo,360.0,2018.0,0.0
55,Kelela,360.0,2018.0,0.0
62,Legehida,360.0,2018.0,0.0
56,Jamma,360.0,2018.0,0.0
44,Tenta,360.0,2018.0,0.0
51,Dessie Zuria,360.0,2018.0,0.0
42,Dawunt,360.0,2018.0,0.0
45,Kuta Ber,360.0,2018.0,0.0
60,Dessie Town,360.0,2018.0,0.0
47,Tehulederie,360.0,2018.0,0.0
59,Kombolcha Town,360.0,2018.0,0.0
50,Alebuko,360.0,2018.0,0.0
57,Wore Illu,360.0,2018.0,0.0
68,Gishe Rabel,360.0,2018.0,0.0
67,Menz Gera Mider,360.0,2018.0,0.016925730399550934
69,Antsokiya Gemza,360.0,2018.0,0.0
136,Kemisie Town,360.0,2018.0,0.0
71,Menz Mama Mider,360.0,2018.0,0.10787697931386243
84,Menz Lalo Mider,360.0,2018.0,0.030868834302227605
139,Shewa Robit,360.0,2018.0,0.0
72,Tarma Ber,360.0,2018.0,0.02104327011863695
73,Mojana Wodera,360.0,2018.0,0.003459751557344865
83,Menz Qeya Gebreal,360.0,2018.0,0.0
63,Mida Woremo,360.0,2018.0,0.0
64,Merehabete,360.0,2018.0,0.0
66,Moretina Jiru,360.0,2018.0,0.0
81,Basona Worena,360.0,2018.0,0.01115451351363205
85,Seya Deberna Wayu,360.0,2018.0,7.770691569515899E-4
65,Ensarona Wayo,360.0,2018.0,0.0
75,Angolelana Tera,360.0,2018.0,0.01517172519058962
76,Asagirt,360.0,2018.0,0.0
77,Ankober,360.0,2018.0,0.0
82,Debre Birehan Town,360.0,2018.0,0.0
79,Berehet,360.0,2018.0,0.0
80,Minjarina Shenkora,360.0,2018.0,0.0
78,Hagere Mariam Kesem,360.0,2018.0,0.0
96,Baso Liben,360.0,2018.0,0.0
93,Debre Elias,360.0,2018.0,0.0
95,Gozamin,360.0,2018.0,0.0
102,Aneded,360.0,2018.0,0.0
97,Awabel,360.0,2018.0,0.0
99,Shebel Berenta,360.0,2018.0,0.0
98,Dejen,360.0,2018.0,0.0
92,Debaytelatgen,360.0,2018.0,0.0
91,Enemay,360.0,2018.0,0.0
101,Sinan,360.0,2018.0,0.0
110,Dembecha,360.0,2018.0,0.0
94,Machakel,360.0,2018.0,0.0
100,Debre Markos Town,360.0,2018.0,0.0
116,Finoteselam Town,360.0,2018.0,0.0
112,Burie Zuria,360.0,2018.0,0.0
130,Guagusa Shekudad,360.0,2018.0,0.0
125,Banja,360.0,2018.0,0.0
126,Ankesha,360.0,2018.0,0.0
113,Womberma,360.0,2018.0,0.0
127,Guangua,360.0,2018.0,0.0
13,Quara,360.0,2018.0,0.0
129,Jawi,360.0,2018.0,0.0
115,South Achefer,360.0,2018.0,0.0
124,Dangila,360.0,2018.0,0.0
128,Fagita Lekoma,360.0,2018.0,0.0
103,North Achefer,360.0,2018.0,0.0
14,Alefa,360.0,2018.0,0.0
20,Takusa,360.0,2018.0,0.0
12,Metema,360.0,2018.0,0.0
11,Chilga,360.0,2018.0,0.0
5,Mirab Armachiho,360.0,2018.0,0.0
0,Adarkay,360.0,2018.0,0.0
18,Telemt,360.0,2018.0,0.0
74,Kewet,361.0,2018.0,0.08268259460704853
133,Jilie Timuga,361.0,2018.0,0.0
70,Efratana Gidim,361.0,2018.0,0.26842165154012104
134,Artuma Fursi,361.0,2018.0,0.0
131,Dewa Chefa,361.0,2018.0,0.0
135,Dewa Harewa,361.0,2018.0,0.0
132,Bati,361.0,2018.0,0.023000044681525944
138,Aregoba Sp. Wo.,361.0,2018.0,0.0
49,Kalu,361.0,2018.0,0.16196446760754007
48,Worebabu,361.0,2018.0,0.005517528203114986
121,Abargelie,361.0,2018.0,0.0
33,Raya Kobo,361.0,2018.0,0.0
39,Habru,361.0,2018.0,0.0
38,Guba Lafto,361.0,2018.0,0.06805773916097321
34,Gidan,361.0,2018.0,0.01097072278907922
40,Woldia Town,361.0,2018.0,0.0
46,Ambassel,361.0,2018.0,0.0
37,Delanta,361.0,2018.0,0.028075626847546786
140,Kobo Town,361.0,2018.0,0.0
41,Lasta,361.0,2018.0,0.0
120,Gazgibla,361.0,2018.0,0.0
35,Mekit,361.0,2018.0,0.0
36,Wadla,361.0,2018.0,0.0
32,Bugna,361.0,2018.0,0.0
119,Dehena,361.0,2018.0,0.0
117,Zequala,361.0,2018.0,0.0
118,Seqota,361.0,2018.0,0.0
123,Sekota Town,361.0,2018.0,0.0
122,Sehela,361.0,2018.0,0.0028966212017801896
1,Beyeda,361.0,2018.0,0.13935566059835608
2,Janamora,361.0,2018.0,0.02689138709667126
16,Misrak Belesa,361.0,2018.0,0.0
21,Ebinat,361.0,2018.0,0.0
8,Wogera,361.0,2018.0,0.0
15,Mirab Belesa,361.0,2018.0,0.0
3,Debark,361.0,2018.0,0.0
4,Dabat,361.0,2018.0,0.0
19,Tach Armachiho,361.0,2018.0,0.0
6,Tegede,361.0,2018.0,0.0022483700870413624
7,Lay Armachiho,361.0,2018.0,0.0
17,Gondar Town,361.0,2018.0,0.0
9,Gondar Zuria,361.0,2018.0,0.0
22,Libokemkem,361.0,2018.0,0.0
10,Denbia,361.0,2018.0,0.0
23,Fogera,361.0,2018.0,0.0
24,Farta,361.0,2018.0,0.0
25,Lay Gayint,361.0,2018.0,0.0
26,Tach Gayint,361.0,2018.0,0.0
27,Simada,361.0,2018.0,0.0
43,Mekedela,361.0,2018.0,0.0
53,Sayint,361.0,2018.0,0.0
28,Estea,361.0,2018.0,0.0
31,Andabiet,361.0,2018.0,0.0
30,Debre Tabor Town,361.0,2018.0,0.0
29,Dera,361.0,2018.0,0.0
104,Bahir Dar Zuria,361.0,2018.0,0.0
137,Bahir Dar Town,361.0,2018.0,0.0
105,Yilmana Densa,361.0,2018.0,0.0
87,Hulet Iju Enesie,361.0,2018.0,0.0
114,Gonji Kolela,361.0,2018.0,0.0
109,Dega Damot,361.0,2018.0,0.0
106,Mecha,361.0,2018.0,0.0
108,Quarit,361.0,2018.0,0.0
107,Sekela,361.0,2018.0,0.0
111,Jabi Tehnan,361.0,2018.0,0.0
86,Bibugn,361.0,2018.0,0.015934676461601134
90,Enarji Enawuga,361.0,2018.0,0.005533445304861654
88,Goncha Siso Enese,361.0,2018.0,0.0
89,Enebse Sar Mider,361.0,2018.0,0.0
61,Mehal Sayint,361.0,2018.0,0.0
54,Borena,361.0,2018.0,0.0
58,Wogedi,361.0,2018.0,0.0
52,Legambo,361.0,2018.0,0.0
55,Kelela,361.0,2018.0,0.0
62,Legehida,361.0,2018.0,0.0
56,Jamma,361.0,2018.0,0.007670734042549067
44,Tenta,361.0,2018.0,0.0
51,Dessie Zuria,361.0,2018.0,0.07763085486124278
42,Dawunt,361.0,2018.0,0.0
45,Kuta Ber,361.0,2018.0,0.0
60,Dessie Town,361.0,2018.0,0.15542953845717705
47,Tehulederie,361.0,2018.0,0.11491875116854641
59,Kombolcha Town,361.0,2018.0,0.842364790702158
50,Alebuko,361.0,2018.0,0.0
57,Wore Illu,361.0,2018.0,6.163204854949611E-5
68,Gishe Rabel,361.0,2018.0,0.0
67,Menz Gera Mider,361.0,2018.0,0.26900805579581
69,Antsokiya Gemza,361.0,2018.0,0.01862342091269881
136,Kemisie Town,361.0,2018.0,0.0
71,Menz Mama Mider,361.0,2018.0,0.6077275905023756
84,Menz Lalo Mider,361.0,2018.0,0.1351424212632729
139,Shewa Robit,361.0,2018.0,0.0
72,Tarma Ber,361.0,2018.0,0.07370205321925939
73,Mojana Wodera,361.0,2018.0,0.05984579395144886
83,Menz Qeya Gebreal,361.0,2018.0,0.001364414019303466
63,Mida Woremo,361.0,2018.0,0.0
64,Merehabete,361.0,2018.0,0.0
66,Moretina Jiru,361.0,2018.0,0.022267229939210622
81,Basona Worena,361.0,2018.0,0.08001984210818547
85,Seya Deberna Wayu,361.0,2018.0,0.19698989080068294
65,Ensarona Wayo,361.0,2018.0,0.0
75,Angolelana Tera,361.0,2018.0,0.1745713044553031
76,Asagirt,361.0,2018.0,0.019534069553386275
77,Ankober,361.0,2018.0,0.02034282996884962
82,Debre Birehan Town,361.0,2018.0,0.052456173410248816
79,Berehet,361.0,2018.0,0.0
80,Minjarina Shenkora,361.0,2018.0,0.0
78,Hagere Mariam Kesem,361.0,2018.0,0.0132896511735608
96,Baso Liben,361.0,2018.0,0.0
93,Debre Elias,361.0,2018.0,0.0
95,Gozamin,361.0,2018.0,0.017681911182968194
102,Aneded,361.0,2018.0,0.0
97,Awabel,361.0,2018.0,0.027953280592199065
99,Shebel Berenta,361.0,2018.0,0.0
98,Dejen,361.0,2018.0,0.0
92,Debaytelatgen,361.0,2018.0,0.3043049349972095
91,Enemay,361.0,2018.0,0.005054264424765078
101,Sinan,361.0,2018.0,0.14664623212800318
110,Dembecha,361.0,2018.0,0.0
94,Machakel,361.0,2018.0,0.0
100,Debre Markos Town,361.0,2018.0,0.0
116,Finoteselam Town,361.0,2018.0,0.0
112,Burie Zuria,361.0,2018.0,0.0
130,Guagusa Shekudad,361.0,2018.0,4.917566156178759E-5
125,Banja,361.0,2018.0,0.1158380377237986
126,Ankesha,361.0,2018.0,0.0015599944517293368
113,Womberma,361.0,2018.0,0.0
127,Guangua,361.0,2018.0,0.0
13,Quara,361.0,2018.0,0.005892408932206803
129,Jawi,361.0,2018.0,0.02947037711907047
115,South Achefer,361.0,2018.0,0.0
124,Dangila,361.0,2018.0,0.0
128,Fagita Lekoma,361.0,2018.0,0.001060031883874779
103,North Achefer,361.0,2018.0,0.0
14,Alefa,361.0,2018.0,0.0
20,Takusa,361.0,2018.0,0.0
12,Metema,361.0,2018.0,0.00552886268960451
11,Chilga,361.0,2018.0,0.0
5,Mirab Armachiho,361.0,2018.0,0.012725149900627963
0,Adarkay,361.0,2018.0,0.0
18,Telemt,361.0,2018.0,6.834314997779758E-4
74,Kewet,362.0,2018.0,4.497145325175274E-4
133,Jilie Timuga,362.0,2018.0,0.0
70,Efratana Gidim,362.0,2018.0,0.046883480933865185
134,Artuma Fursi,362.0,2018.0,0.0
131,Dewa Chefa,362.0,2018.0,0.0
135,Dewa Harewa,362.0,2018.0,0.0
132,Bati,362.0,2018.0,0.003926836860146947
138,Aregoba Sp. Wo.,362.0,2018.0,0.0
49,Kalu,362.0,2018.0,0.027428101773055106
48,Worebabu,362.0,2018.0,9.420170014841391E-4
121,Abargelie,362.0,2018.0,0.16991529772186217
33,Raya Kobo,362.0,2018.0,0.0
39,Habru,362.0,2018.0,0.0
38,Guba Lafto,362.0,2018.0,0.060253240110093385
34,Gidan,362.0,2018.0,0.00188069537797479
40,Woldia Town,362.0,2018.0,0.0
46,Ambassel,362.0,2018.0,0.0
37,Delanta,362.0,2018.0,0.03325235674039429
140,Kobo Town,362.0,2018.0,0.0
41,Lasta,362.0,2018.0,0.0
120,Gazgibla,362.0,2018.0,0.0
35,Mekit,362.0,2018.0,0.0
36,Wadla,362.0,2018.0,0.0
32,Bugna,362.0,2018.0,0.0
119,Dehena,362.0,2018.0,0.0
117,Zequala,362.0,2018.0,1.1633791813125282E-4
118,Seqota,362.0,2018.0,0.0
123,Sekota Town,362.0,2018.0,0.0
122,Sehela,362.0,2018.0,0.3309909229741646
1,Beyeda,362.0,2018.0,0.7460097344340239
2,Janamora,362.0,2018.0,0.1109737707329979
16,Misrak Belesa,362.0,2018.0,0.0
21,Ebinat,362.0,2018.0,0.0
8,Wogera,362.0,2018.0,0.0411649113693116
15,Mirab Belesa,362.0,2018.0,0.0
3,Debark,362.0,2018.0,0.015678394669364576
4,Dabat,362.0,2018.0,0.0
19,Tach Armachiho,362.0,2018.0,0.008803925124242487
6,Tegede,362.0,2018.0,0.06162244242447502
7,Lay Armachiho,362.0,2018.0,0.0
17,Gondar Town,362.0,2018.0,0.0
9,Gondar Zuria,362.0,2018.0,0.0
22,Libokemkem,362.0,2018.0,0.0
10,Denbia,362.0,2018.0,0.0
23,Fogera,362.0,2018.0,0.0
24,Farta,362.0,2018.0,0.0
25,Lay Gayint,362.0,2018.0,0.0
26,Tach Gayint,362.0,2018.0,0.0
27,Simada,362.0,2018.0,0.0
43,Mekedela,362.0,2018.0,0.0
53,Sayint,362.0,2018.0,0.0
28,Estea,362.0,2018.0,0.0
31,Andabiet,362.0,2018.0,0.0
30,Debre Tabor Town,362.0,2018.0,0.0
29,Dera,362.0,2018.0,0.0
104,Bahir Dar Zuria,362.0,2018.0,0.0
137,Bahir Dar Town,362.0,2018.0,0.0
105,Yilmana Densa,362.0,2018.0,0.0
87,Hulet Iju Enesie,362.0,2018.0,0.05304705849252667
114,Gonji Kolela,362.0,2018.0,0.16511227870039305
109,Dega Damot,362.0,2018.0,0.047481451278041015
106,Mecha,362.0,2018.0,0.0
108,Quarit,362.0,2018.0,0.0
107,Sekela,362.0,2018.0,0.33612746537679367
111,Jabi Tehnan,362.0,2018.0,0.011103505599804137
86,Bibugn,362.0,2018.0,0.044685886862493356
90,Enarji Enawuga,362.0,2018.0,0.04608763200638865
88,Goncha Siso Enese,362.0,2018.0,0.0
89,Enebse Sar Mider,362.0,2018.0,0.0
61,Mehal Sayint,362.0,2018.0,0.0
54,Borena,362.0,2018.0,0.0
58,Wogedi,362.0,2018.0,0.0
52,Legambo,362.0,2018.0,0.0
55,Kelela,362.0,2018.0,0.0
62,Legehida,362.0,2018.0,0.0
56,Jamma,362.0,2018.0,0.028126024632175176
44,Tenta,362.0,2018.0,0.0
51,Dessie Zuria,362.0,2018.0,0.030094229417313427
42,Dawunt,362.0,2018.0,0.0
45,Kuta Ber,362.0,2018.0,0.0
60,Dessie Town,362.0,2018.0,0.02590492339787404
47,Tehulederie,362.0,2018.0,0.019153125432594238
59,Kombolcha Town,362.0,2018.0,0.14039413352705593
50,Alebuko,362.0,2018.0,0.0
57,Wore Illu,362.0,2018.0,2.259841764841706E-4
68,Gishe Rabel,362.0,2018.0,0.0
67,Menz Gera Mider,362.0,2018.0,0.0709589056790992
69,Antsokiya Gemza,362.0,2018.0,0.004138537912078604
136,Kemisie Town,362.0,2018.0,0.0
71,Menz Mama Mider,362.0,2018.0,0.05161831342414583
84,Menz Lalo Mider,362.0,2018.0,0.05907113482011788
139,Shewa Robit,362.0,2018.0,0.0
72,Tarma Ber,362.0,2018.0,0.0
73,Mojana Wodera,362.0,2018.0,0.01771591275019205
83,Menz Qeya Gebreal,362.0,2018.0,0.005052133609612081
63,Mida Woremo,362.0,2018.0,0.0
64,Merehabete,362.0,2018.0,0.0
66,Moretina Jiru,362.0,2018.0,0.0
81,Basona Worena,362.0,2018.0,0.019700339993537458
85,Seya Deberna Wayu,362.0,2018.0,0.1079992548042872
65,Ensarona Wayo,362.0,2018.0,0.05659460350798019
75,Angolelana Tera,362.0,2018.0,0.04953730668344103
76,Asagirt,362.0,2018.0,0.0024417587169139345
77,Ankober,362.0,2018.0,0.0
82,Debre Birehan Town,362.0,2018.0,0.0
79,Berehet,362.0,2018.0,0.0047601232889826145
80,Minjarina Shenkora,362.0,2018.0,7.096915686858438E-5
78,Hagere Mariam Kesem,362.0,2018.0,0.0016612064121662904
96,Baso Liben,362.0,2018.0,0.0019140934772344921
93,Debre Elias,362.0,2018.0,7.873005545841356E-4
95,Gozamin,362.0,2018.0,0.0
102,Aneded,362.0,2018.0,0.0
97,Awabel,362.0,2018.0,0.0
99,Shebel Berenta,362.0,2018.0,0.0
98,Dejen,362.0,2018.0,0.0
92,Debaytelatgen,362.0,2018.0,0.024362770404707162
91,Enemay,362.0,2018.0,0.05007537535559707
101,Sinan,362.0,2018.0,0.0
110,Dembecha,362.0,2018.0,0.0
94,Machakel,362.0,2018.0,0.0
100,Debre Markos Town,362.0,2018.0,0.0
116,Finoteselam Town,362.0,2018.0,0.0
112,Burie Zuria,362.0,2018.0,0.05548468889347929
130,Guagusa Shekudad,362.0,2018.0,0.13217188310564898
125,Banja,362.0,2018.0,0.2538575757290151
126,Ankesha,362.0,2018.0,0.05019301629863874
113,Womberma,362.0,2018.0,0.0
127,Guangua,362.0,2018.0,1.4761791782806028E-4
13,Quara,362.0,2018.0,0.40669028686428377
129,Jawi,362.0,2018.0,0.23522661909123888
115,South Achefer,362.0,2018.0,0.0
124,Dangila,362.0,2018.0,0.0
128,Fagita Lekoma,362.0,2018.0,0.20098315999212552
103,North Achefer,362.0,2018.0,0.0
14,Alefa,362.0,2018.0,5.65205889108349E-5
20,Takusa,362.0,2018.0,0.06422352321447328
12,Metema,362.0,2018.0,0.2833356624505123
11,Chilga,362.0,2018.0,0.003910543852987092
5,Mirab Armachiho,362.0,2018.0,0.06658318683846402
0,Adarkay,362.0,2018.0,0.03123682844400825
18,Telemt,362.0,2018.0,0.029692492688499942
74,Kewet,363.0,2018.0,0.0
133,Jilie Timuga,363.0,2018.0,0.0
70,Efratana Gidim,363.0,2018.0,0.0
134,Artuma Fursi,363.0,2018.0,0.0
131,Dewa Chefa,363.0,2018.0,0.0
135,Dewa Harewa,363.0,2018.0,0.0
132,Bati,363.0,2018.0,0.02580492757985692
138,Aregoba Sp. Wo.,363.0,2018.0,0.0
49,Kalu,363.0,2018.0,0.11979059212601921
48,Worebabu,363.0,2018.0,0.006190397352382628
121,Abargelie,363.0,2018.0,0.019138646558174394
33,Raya Kobo,363.0,2018.0,0.0
39,Habru,363.0,2018.0,0.0
38,Guba Lafto,363.0,2018.0,0.011190444118352067
34,Gidan,363.0,2018.0,0.0
40,Woldia Town,363.0,2018.0,0.0
46,Ambassel,363.0,2018.0,0.0
37,Delanta,363.0,2018.0,0.02782791283550435
140,Kobo Town,363.0,2018.0,0.0
41,Lasta,363.0,2018.0,0.0
120,Gazgibla,363.0,2018.0,0.0
35,Mekit,363.0,2018.0,0.0
36,Wadla,363.0,2018.0,0.20901802564081962
32,Bugna,363.0,2018.0,0.0
119,Dehena,363.0,2018.0,0.0
117,Zequala,363.0,2018.0,2.9125733390365414E-4
118,Seqota,363.0,2018.0,0.0
123,Sekota Town,363.0,2018.0,0.0
122,Sehela,363.0,2018.0,0.12610899510032542
1,Beyeda,363.0,2018.0,0.7310406250422328
2,Janamora,363.0,2018.0,0.347491777942851
16,Misrak Belesa,363.0,2018.0,0.0
21,Ebinat,363.0,2018.0,0.0
8,Wogera,363.0,2018.0,0.01174038666523182
15,Mirab Belesa,363.0,2018.0,0.007350178736593417
3,Debark,363.0,2018.0,5.054301217199496E-4
4,Dabat,363.0,2018.0,0.0
19,Tach Armachiho,363.0,2018.0,0.0
6,Tegede,363.0,2018.0,0.0
7,Lay Armachiho,363.0,2018.0,6.638558121911718E-4
17,Gondar Town,363.0,2018.0,0.042032014248037354
9,Gondar Zuria,363.0,2018.0,0.23593151643230323
22,Libokemkem,363.0,2018.0,0.0
10,Denbia,363.0,2018.0,0.0
23,Fogera,363.0,2018.0,0.0
24,Farta,363.0,2018.0,0.0
25,Lay Gayint,363.0,2018.0,0.0
26,Tach Gayint,363.0,2018.0,0.0
27,Simada,363.0,2018.0,0.0
43,Mekedela,363.0,2018.0,0.0
53,Sayint,363.0,2018.0,0.0
28,Estea,363.0,2018.0,0.0
31,Andabiet,363.0,2018.0,0.0
30,Debre Tabor Town,363.0,2018.0,0.0
29,Dera,363.0,2018.0,0.0
104,Bahir Dar Zuria,363.0,2018.0,0.0
137,Bahir Dar Town,363.0,2018.0,0.0
105,Yilmana Densa,363.0,2018.0,0.1556486201119484
87,Hulet Iju Enesie,363.0,2018.0,8.802794539289337E-5
114,Gonji Kolela,363.0,2018.0,0.0
109,Dega Damot,363.0,2018.0,0.44394621471959805
106,Mecha,363.0,2018.0,0.40193205104308427
108,Quarit,363.0,2018.0,1.3888711590884235
107,Sekela,363.0,2018.0,6.21846584247543
111,Jabi Tehnan,363.0,2018.0,2.0105333698641386
86,Bibugn,363.0,2018.0,0.0
90,Enarji Enawuga,363.0,2018.0,0.007223040640687118
88,Goncha Siso Enese,363.0,2018.0,0.0
89,Enebse Sar Mider,363.0,2018.0,0.0
61,Mehal Sayint,363.0,2018.0,0.0
54,Borena,363.0,2018.0,0.0
58,Wogedi,363.0,2018.0,0.0
52,Legambo,363.0,2018.0,0.0
55,Kelela,363.0,2018.0,0.0
62,Legehida,363.0,2018.0,0.0
56,Jamma,363.0,2018.0,0.0
44,Tenta,363.0,2018.0,0.0
51,Dessie Zuria,363.0,2018.0,0.017155753957722328
42,Dawunt,363.0,2018.0,0.0
45,Kuta Ber,363.0,2018.0,0.0
60,Dessie Town,363.0,2018.0,0.0
47,Tehulederie,363.0,2018.0,0.0
59,Kombolcha Town,363.0,2018.0,0.0
50,Alebuko,363.0,2018.0,0.0
57,Wore Illu,363.0,2018.0,0.0
68,Gishe Rabel,363.0,2018.0,0.0
67,Menz Gera Mider,363.0,2018.0,0.0
69,Antsokiya Gemza,363.0,2018.0,0.0
136,Kemisie Town,363.0,2018.0,0.0
71,Menz Mama Mider,363.0,2018.0,0.003376584787350259
84,Menz Lalo Mider,363.0,2018.0,0.0010499347243478625
139,Shewa Robit,363.0,2018.0,0.0
72,Tarma Ber,363.0,2018.0,0.0
73,Mojana Wodera,363.0,2018.0,0.017985745917557944
83,Menz Qeya Gebreal,363.0,2018.0,4.928224085368284E-5
63,Mida Woremo,363.0,2018.0,0.0
64,Merehabete,363.0,2018.0,0.0
66,Moretina Jiru,363.0,2018.0,0.0
81,Basona Worena,363.0,2018.0,0.07312013278939307
85,Seya Deberna Wayu,363.0,2018.0,0.11266675954863994
65,Ensarona Wayo,363.0,2018.0,0.062254066894749334
75,Angolelana Tera,363.0,2018.0,0.04984670957533817
76,Asagirt,363.0,2018.0,0.014849809026967618
77,Ankober,363.0,2018.0,0.0068083467559396
82,Debre Birehan Town,363.0,2018.0,0.17860738447242813
79,Berehet,363.0,2018.0,0.05094757969299275
80,Minjarina Shenkora,363.0,2018.0,0.0
78,Hagere Mariam Kesem,363.0,2018.0,0.005970369716440678
96,Baso Liben,363.0,2018.0,0.0
93,Debre Elias,363.0,2018.0,0.0
95,Gozamin,363.0,2018.0,0.009753368867263829
102,Aneded,363.0,2018.0,0.026671707623683438
97,Awabel,363.0,2018.0,0.0
99,Shebel Berenta,363.0,2018.0,0.0
98,Dejen,363.0,2018.0,0.0
92,Debaytelatgen,363.0,2018.0,0.0022617307547036325
91,Enemay,363.0,2018.0,0.008836830906376237
101,Sinan,363.0,2018.0,0.0
110,Dembecha,363.0,2018.0,0.0026596017847575026
94,Machakel,363.0,2018.0,0.0
100,Debre Markos Town,363.0,2018.0,0.0
116,Finoteselam Town,363.0,2018.0,1.5043745267474367
112,Burie Zuria,363.0,2018.0,1.040757368051635
130,Guagusa Shekudad,363.0,2018.0,4.925583718133991
125,Banja,363.0,2018.0,3.695939266194564
126,Ankesha,363.0,2018.0,1.7638038278704378
113,Womberma,363.0,2018.0,0.016215297580043905
127,Guangua,363.0,2018.0,0.24845977879559028
13,Quara,363.0,2018.0,0.0
129,Jawi,363.0,2018.0,0.0
115,South Achefer,363.0,2018.0,0.0
124,Dangila,363.0,2018.0,0.009663437649770647
128,Fagita Lekoma,363.0,2018.0,0.645053480258707
103,North Achefer,363.0,2018.0,0.0
14,Alefa,363.0,2018.0,0.0
20,Takusa,363.0,2018.0,0.0
12,Metema,363.0,2018.0,0.0
11,Chilga,363.0,2018.0,0.0
5,Mirab Armachiho,363.0,2018.0,0.0
0,Adarkay,363.0,2018.0,0.02636906698894607
18,Telemt,363.0,2018.0,0.00203743998520689
74,Kewet,364.0,2018.0,0.0
133,Jilie Timuga,364.0,2018.0,0.0018384954652952892
70,Efratana Gidim,364.0,2018.0,0.0
134,Artuma Fursi,364.0,2018.0,0.0
131,Dewa Chefa,364.0,2018.0,0.0
135,Dewa Harewa,364.0,2018.0,0.0
132,Bati,364.0,2018.0,0.0016829301068035604
138,Aregoba Sp. Wo.,364.0,2018.0,0.0
49,Kalu,364.0,2018.0,0.011719038015368693
48,Worebabu,364.0,2018.0,0.017513310609506776
121,Abargelie,364.0,2018.0,0.0
33,Raya Kobo,364.0,2018.0,0.0
39,Habru,364.0,2018.0,0.005785758502229074
38,Guba Lafto,364.0,2018.0,2.108207959377781E-4
34,Gidan,364.0,2018.0,0.0
40,Woldia Town,364.0,2018.0,0.0
46,Ambassel,364.0,2018.0,0.10707625678774879
37,Delanta,364.0,2018.0,0.001766125361566189
140,Kobo Town,364.0,2018.0,0.0
41,Lasta,364.0,2018.0,0.0
120,Gazgibla,364.0,2018.0,0.0
35,Mekit,364.0,2018.0,0.0
36,Wadla,364.0,2018.0,0.016359610636862747
32,Bugna,364.0,2018.0,0.0
119,Dehena,364.0,2018.0,0.0
117,Zequala,364.0,2018.0,0.0
118,Seqota,364.0,2018.0,0.0
123,Sekota Town,364.0,2018.0,0.0
122,Sehela,364.0,2018.0,0.0
1,Beyeda,364.0,2018.0,0.0
2,Janamora,364.0,2018.0,0.0
16,Misrak Belesa,364.0,2018.0,0.0
21,Ebinat,364.0,2018.0,0.0
8,Wogera,364.0,2018.0,0.0
15,Mirab Belesa,364.0,2018.0,0.0
3,Debark,364.0,2018.0,0.0
4,Dabat,364.0,2018.0,0.0
19,Tach Armachiho,364.0,2018.0,0.0
6,Tegede,364.0,2018.0,0.0
7,Lay Armachiho,364.0,2018.0,0.0
17,Gondar Town,364.0,2018.0,0.0
9,Gondar Zuria,364.0,2018.0,0.0
22,Libokemkem,364.0,2018.0,0.0
10,Denbia,364.0,2018.0,0.0
23,Fogera,364.0,2018.0,0.0
24,Farta,364.0,2018.0,0.0
25,Lay Gayint,364.0,2018.0,0.0
26,Tach Gayint,364.0,2018.0,0.0
27,Simada,364.0,2018.0,0.0
43,Mekedela,364.0,2018.0,0.0
53,Sayint,364.0,2018.0,0.0
28,Estea,364.0,2018.0,0.0
31,Andabiet,364.0,2018.0,0.0
30,Debre Tabor Town,364.0,2018.0,0.0
29,Dera,364.0,2018.0,0.0
104,Bahir Dar Zuria,364.0,2018.0,0.0
137,Bahir Dar Town,364.0,2018.0,0.0
105,Yilmana Densa,364.0,2018.0,0.0
87,Hulet Iju Enesie,364.0,2018.0,0.0
114,Gonji Kolela,364.0,2018.0,0.0
109,Dega Damot,364.0,2018.0,0.0
106,Mecha,364.0,2018.0,0.0
108,Quarit,364.0,2018.0,0.0
107,Sekela,364.0,2018.0,0.0
111,Jabi Tehnan,364.0,2018.0,0.0
86,Bibugn,364.0,2018.0,0.0
90,Enarji Enawuga,364.0,2018.0,0.0
88,Goncha Siso Enese,364.0,2018.0,0.0
89,Enebse Sar Mider,364.0,2018.0,0.0
61,Mehal Sayint,364.0,2018.0,0.0
54,Borena,364.0,2018.0,0.0
58,Wogedi,364.0,2018.0,0.0
52,Legambo,364.0,2018.0,0.0
55,Kelela,364.0,2018.0,0.0
62,Legehida,364.0,2018.0,0.0
56,Jamma,364.0,2018.0,0.0
44,Tenta,364.0,2018.0,0.0
51,Dessie Zuria,364.0,2018.0,0.003842766506601754
42,Dawunt,364.0,2018.0,0.0
45,Kuta Ber,364.0,2018.0,0.051633356374230485
60,Dessie Town,364.0,2018.0,0.2483088637363035
47,Tehulederie,364.0,2018.0,0.5599498489380234
59,Kombolcha Town,364.0,2018.0,0.018706051151213442
50,Alebuko,364.0,2018.0,1.1190976790051832E-4
57,Wore Illu,364.0,2018.0,0.0
68,Gishe Rabel,364.0,2018.0,0.0
67,Menz Gera Mider,364.0,2018.0,0.0
69,Antsokiya Gemza,364.0,2018.0,0.0
136,Kemisie Town,364.0,2018.0,0.0
71,Menz Mama Mider,364.0,2018.0,0.0
84,Menz Lalo Mider,364.0,2018.0,0.0
139,Shewa Robit,364.0,2018.0,0.0
72,Tarma Ber,364.0,2018.0,0.0
73,Mojana Wodera,364.0,2018.0,0.0
83,Menz Qeya Gebreal,364.0,2018.0,0.0
63,Mida Woremo,364.0,2018.0,0.0
64,Merehabete,364.0,2018.0,0.0
66,Moretina Jiru,364.0,2018.0,0.0
81,Basona Worena,364.0,2018.0,0.0
85,Seya Deberna Wayu,364.0,2018.0,0.0
65,Ensarona Wayo,364.0,2018.0,0.0
75,Angolelana Tera,364.0,2018.0,0.0
76,Asagirt,364.0,2018.0,0.0
77,Ankober,364.0,2018.0,0.0
82,Debre Birehan Town,364.0,2018.0,0.0
79,Berehet,364.0,2018.0,0.0
80,Minjarina Shenkora,364.0,2018.0,0.0
78,Hagere Mariam Kesem,364.0,2018.0,0.0
96,Baso Liben,364.0,2018.0,0.0
93,Debre Elias,364.0,2018.0,0.0
95,Gozamin,364.0,2018.0,0.0
102,Aneded,364.0,2018.0,0.0
97,Awabel,364.0,2018.0,0.0
99,Shebel Berenta,364.0,2018.0,0.0
98,Dejen,364.0,2018.0,0.0
92,Debaytelatgen,364.0,2018.0,0.0
91,Enemay,364.0,2018.0,0.0
101,Sinan,364.0,2018.0,0.0
110,Dembecha,364.0,2018.0,0.0
94,Machakel,364.0,2018.0,0.0
100,Debre Markos Town,364.0,2018.0,0.0
116,Finoteselam Town,364.0,2018.0,0.0
112,Burie Zuria,364.0,2018.0,0.0
130,Guagusa Shekudad,364.0,2018.0,0.0
125,Banja,364.0,2018.0,0.0
126,Ankesha,364.0,2018.0,0.0
113,Womberma,364.0,2018.0,0.0
127,Guangua,364.0,2018.0,0.0
13,Quara,364.0,2018.0,0.0
129,Jawi,364.0,2018.0,0.0
115,South Achefer,364.0,2018.0,0.0
124,Dangila,364.0,2018.0,0.0
128,Fagita Lekoma,364.0,2018.0,0.0
103,North Achefer,364.0,2018.0,0.0
14,Alefa,364.0,2018.0,0.0
20,Takusa,364.0,2018.0,0.0
12,Metema,364.0,2018.0,0.0
11,Chilga,364.0,2018.0,0.0
5,Mirab Armachiho,364.0,2018.0,0.0
0,Adarkay,364.0,2018.0,0.0
18,Telemt,364.0,2018.0,0.0
